<?xml version="1.0" encoding="UTF-8"?>
<project-private xmlns="http://www.netbeans.org/ns/project-private/1">
    <editor-bookmarks xmlns="http://www.netbeans.org/ns/editor-bookmarks/2" lastBookmarkId="0"/>
    <open-files xmlns="http://www.netbeans.org/ns/projectui-open-files/2">
        <group>
            <file>file:/home/vikas/Desktop/netBeansprojects_COREJAVA/netBeansprojects/ObjectCloning2/src/ObjectCloning/A7DeepCloning.java</file>
            <file>file:/home/vikas/Desktop/netBeansprojects_COREJAVA/netBeansprojects/ObjectCloning2/src/ObjectCloning/A1WhatIsObjectCloning.java</file>
            <file>file:/home/vikas/Desktop/netBeansprojects_COREJAVA/netBeansprojects/ObjectCloning2/src/ObjectCloning/A6ShallowCloningDemoProgram.java</file>
            <file>file:/home/vikas/Desktop/netBeansprojects_COREJAVA/netBeansprojects/ObjectCloning2/src/ObjectCloning/A4ShallowVsDeepCloning.java</file>
            <file>file:/home/vikas/Desktop/netBeansprojects_COREJAVA/netBeansprojects/ObjectCloning2/src/ObjectCloning/A9DeepCloningDempPgm.java</file>
            <file>file:/home/vikas/Desktop/netBeansprojects_COREJAVA/netBeansprojects/ObjectCloning2/src/ObjectCloning/A2CloningBasicProgram.java</file>
            <file>file:/home/vikas/Desktop/netBeansprojects_COREJAVA/netBeansprojects/ObjectCloning2/src/ObjectCloning/A5ShallowCloning.java</file>
            <file>file:/home/vikas/Desktop/netBeansprojects_COREJAVA/netBeansprojects/ObjectCloning2/src/ObjectCloning/A8DeepCloningDemoPgm.java</file>
            <file>file:/home/vikas/Desktop/netBeansprojects_COREJAVA/netBeansprojects/ObjectCloning2/src/ObjectCloning/A3CloningPgm.java</file>
        </group>
    </open-files>
</project-private>
