<?xml version="1.0" encoding="UTF-8"?>
<project-private xmlns="http://www.netbeans.org/ns/project-private/1">
    <editor-bookmarks xmlns="http://www.netbeans.org/ns/editor-bookmarks/2" lastBookmarkId="0"/>
    <open-files xmlns="http://www.netbeans.org/ns/projectui-open-files/2">
        <group>
            <file>file:/home/vikas/Desktop/netBeansprojects_COREJAVA/netBeansprojects/JDBCPreparedStatements/src/A7DiffBetweenStatementAndPreparedStatement.java</file>
            <file>file:/home/vikas/Desktop/netBeansprojects_COREJAVA/netBeansprojects/JDBCPreparedStatements/src/A5PgmToInsertMultipleRecordsUsingPreparedStatements.java</file>
            <file>file:/home/vikas/Desktop/netBeansprojects_COREJAVA/netBeansprojects/JDBCPreparedStatements/src/A9SQLInjectionDemoProgramInStatement.java</file>
            <file>file:/home/vikas/Desktop/netBeansprojects_COREJAVA/netBeansprojects/JDBCPreparedStatements/src/A8SQLInjectionAttack.java</file>
            <file>file:/home/vikas/Desktop/netBeansprojects_COREJAVA/netBeansprojects/JDBCPreparedStatements/src/A6AdvantagesAndLimitationsOfPreparedStatements.java</file>
            <file>file:/home/vikas/Desktop/netBeansprojects_COREJAVA/netBeansprojects/JDBCPreparedStatements/src/B1SQLInjectionAttackDoesNotHappenInPreparedStatement.java</file>
        </group>
    </open-files>
</project-private>
