<?xml version="1.0" encoding="UTF-8"?>
<project-private xmlns="http://www.netbeans.org/ns/project-private/1">
    <editor-bookmarks xmlns="http://www.netbeans.org/ns/editor-bookmarks/2" lastBookmarkId="0"/>
    <open-files xmlns="http://www.netbeans.org/ns/projectui-open-files/2">
        <group>
            <file>file:/home/vikas/Desktop/netBeansprojects_COREJAVA/netBeansprojects/OOPSInheritance/src/bInheritence_HAS_A_Relationship/A5WhatIsAggreationAndPgmShowingWeakRelationshipInAggregation.java</file>
            <file>file:/home/vikas/Desktop/netBeansprojects_COREJAVA/netBeansprojects/OOPSInheritance/src/bInheritence_HAS_A_Relationship/A3DemoPgmShowingComposition.java</file>
            <file>file:/home/vikas/Desktop/netBeansprojects_COREJAVA/netBeansprojects/OOPSInheritance/src/bInheritence_HAS_A_Relationship/A8CodeReusabilityPgmUsingAssociation.java</file>
            <file>file:/home/vikas/Desktop/netBeansprojects_COREJAVA/netBeansprojects/OOPSInheritance/src/bInheritence_HAS_A_Relationship/A2WhatIsComposition.java</file>
            <file>file:/home/vikas/Desktop/netBeansprojects_COREJAVA/netBeansprojects/OOPSInheritance/src/bInheritence_HAS_A_Relationship/A6AggregationDemoPgm.java</file>
            <file>file:/home/vikas/Desktop/netBeansprojects_COREJAVA/netBeansprojects/OOPSInheritance/src/bInheritence_HAS_A_Relationship/A7WhatIsAggregationInJavaPart2.java</file>
            <file>file:/home/vikas/Desktop/netBeansprojects_COREJAVA/netBeansprojects/OOPSInheritance/src/bInheritence_HAS_A_Relationship/B1EmployeeHAS-AAddressRelationshipProgram.java</file>
            <file>file:/home/vikas/Desktop/netBeansprojects_COREJAVA/netBeansprojects/OOPSInheritance/src/aInheritence_IS_A_Relationship/B1CommenlyUsedPredefinedParentAndChildClasses.java</file>
            <file>file:/home/vikas/Desktop/netBeansprojects_COREJAVA/netBeansprojects/OOPSInheritance/src/bInheritence_HAS_A_Relationship/A4PgmShowingComposition.java</file>
            <file>file:/home/vikas/Desktop/netBeansprojects_COREJAVA/netBeansprojects/OOPSInheritance/src/bInheritence_HAS_A_Relationship/B2HAS-ARelationshipDemoProgram.java</file>
            <file>file:/home/vikas/Desktop/netBeansprojects_COREJAVA/netBeansprojects/OOPSInheritance/src/bInheritence_HAS_A_Relationship/A1WhatIsHAS-ARelationship.java</file>
            <file>file:/home/vikas/Desktop/netBeansprojects_COREJAVA/netBeansprojects/OOPSInheritance/src/aInheritence_IS_A_Relationship/B2MultipleInheritanceNotSupportedViaClassesButSupportedViaInterfaces.java</file>
        </group>
    </open-files>
</project-private>
