<?xml version="1.0" encoding="UTF-8"?>
<project-private xmlns="http://www.netbeans.org/ns/project-private/1">
    <editor-bookmarks xmlns="http://www.netbeans.org/ns/editor-bookmarks/2" lastBookmarkId="0"/>
    <open-files xmlns="http://www.netbeans.org/ns/projectui-open-files/2">
        <group>
            <file>file:/home/vikas/Desktop/netBeansprojects_COREJAVA/netBeansprojects/ExceptionHandling/src/a/Exception_Intro_RuntimeStack_DefaultException_Propogation_Hierarchy/e.ExceptionHierarchy.java</file>
            <file>file:/home/vikas/Desktop/netBeansprojects_COREJAVA/netBeansprojects/ExceptionHandling/src/d/throwKeyword/a.throwKeyword.java</file>
            <file>file:/home/vikas/Desktop/netBeansprojects_COREJAVA/netBeansprojects/ExceptionHandling/src/c/finalfinallyfinalize_possiblecombinationsoftrycatchfinally/b.VariousPossibleCombinationofTryCatchFinally.java</file>
            <file>file:/home/vikas/Desktop/netBeansprojects_COREJAVA/netBeansprojects/ExceptionHandling/src/e/ThrowsKeyword/d.throwsClause.java</file>
            <file>file:/home/vikas/Desktop/netBeansprojects_COREJAVA/netBeansprojects/ExceptionHandling/src/g/JVMandProgrammerExceptons_Top10Exceptions/a.JvmvsProgramerExceptions.java</file>
            <file>file:/home/vikas/Desktop/netBeansprojects_COREJAVA/netBeansprojects/ExceptionHandling/src/c/finalfinallyfinalize_possiblecombinationsoftrycatchfinally/a.final_finally_finalize.java</file>
            <file>file:/home/vikas/Desktop/netBeansprojects_COREJAVA/netBeansprojects/ExceptionHandling/src/e/ThrowsKeyword/f.WeCanThrowOnlyThrowableTypesOfException.java</file>
            <file>file:/home/vikas/Desktop/netBeansprojects_COREJAVA/netBeansprojects/ExceptionHandling/src/CheckedAndUnchecked/f.OrderOfExecutionInMultipleCatchBlocks.java</file>
            <file>file:/home/vikas/Desktop/netBeansprojects_COREJAVA/netBeansprojects/ExceptionHandling/src/g/JVMandProgrammerExceptons_Top10Exceptions/eclassNotFoundExceptionVsNoClassDefFoundError.java</file>
            <file>file:/home/vikas/Desktop/netBeansprojects_COREJAVA/netBeansprojects/ExceptionHandling/src/d/throwKeyword/d.WeCanUseThrowKeywordOnlyForThrowableTypes.java</file>
            <file>file:/home/vikas/Desktop/netBeansprojects_COREJAVA/netBeansprojects/ExceptionHandling/src/e/ThrowsKeyword/i.PurposeOfKeywords.java</file>
            <file>file:/home/vikas/Desktop/netBeansprojects_COREJAVA/netBeansprojects/ExceptionHandling/src/h/tryWithResources_multiCatchBlock/a.tryWithResources.java</file>
            <file>file:/home/vikas/Desktop/netBeansprojects_COREJAVA/netBeansprojects/ExceptionHandling/src/e/ThrowsKeyword/g.ThrowingCheckedExceptionExplicitlyresultsinCompileTimeErrorIfNotHandled.java</file>
            <file>file:/home/vikas/Desktop/netBeansprojects_COREJAVA/netBeansprojects/ExceptionHandling/src/g/JVMandProgrammerExceptons_Top10Exceptions/c.Top10ExceptionsPart2.java</file>
            <file>file:/home/vikas/Desktop/netBeansprojects_COREJAVA/netBeansprojects/ExceptionHandling/src/CheckedAndUnchecked/a.CheckedAndUncheckedException.java</file>
            <file>file:/home/vikas/Desktop/netBeansprojects_COREJAVA/netBeansprojects/ExceptionHandling/src/CheckedAndUnchecked/e.tryWithMultipleCatchBlock.java</file>
            <file>file:/home/vikas/Desktop/netBeansprojects_COREJAVA/netBeansprojects/ExceptionHandling/src/h/tryWithResources_multiCatchBlock/c.multiCatchBlock.java</file>
            <file>file:/home/vikas/Desktop/netBeansprojects_COREJAVA/netBeansprojects/ExceptionHandling/src/d/throwKeyword/b.throwingArithmeticExceptionExplicitlyAndNullExceptionObjectnotAllowed.java</file>
            <file>file:/home/vikas/Desktop/netBeansprojects_COREJAVA/netBeansprojects/ExceptionHandling/src/e/ThrowsKeyword/a.WaysOfHandlingCheckedException.java</file>
            <file>file:/home/vikas/Desktop/netBeansprojects_COREJAVA/netBeansprojects/ExceptionHandling/src/a/Exception_Intro_RuntimeStack_DefaultException_Propogation_Hierarchy/a.ExceptionHandlingIntro.java</file>
            <file>file:/home/vikas/Desktop/netBeansprojects_COREJAVA/netBeansprojects/ExceptionHandling/src/CheckedAndUnchecked/d.MethodsToprintExceptionInformation.java</file>
            <file>file:/home/vikas/Desktop/netBeansprojects_COREJAVA/netBeansprojects/ExceptionHandling/src/CheckedAndUnchecked/b.CustomizedExceptionHandlingusingtry-catchblock.java</file>
            <file>file:/home/vikas/Desktop/netBeansprojects_COREJAVA/netBeansprojects/ExceptionHandling/src/h/tryWithResources_multiCatchBlock/e.RethrowingException.java</file>
            <file>file:/home/vikas/Desktop/netBeansprojects_COREJAVA/netBeansprojects/ExceptionHandling/src/a/Exception_Intro_RuntimeStack_DefaultException_Propogation_Hierarchy/d.ExceptionPropogation.java</file>
            <file>file:/home/vikas/Desktop/netBeansprojects_COREJAVA/netBeansprojects/ExceptionHandling/src/f/CustomizedException/CustomizedOrUserDefinedExceptions.java</file>
            <file>file:/home/vikas/Desktop/netBeansprojects_COREJAVA/netBeansprojects/ExceptionHandling/src/h/tryWithResources_multiCatchBlock/d.InmultiCatchBlockExceptionsShouldNotHaveRelationship.java</file>
            <file>file:/home/vikas/Desktop/netBeansprojects_COREJAVA/netBeansprojects/ExceptionHandling/src/d/throwKeyword/c.WritinganyStatementAfterThrowingExceptonisInvalid.java</file>
            <file>file:/home/vikas/Desktop/netBeansprojects_COREJAVA/netBeansprojects/ExceptionHandling/src/a/Exception_Intro_RuntimeStack_DefaultException_Propogation_Hierarchy/b.RunTimeStackMechanism.java</file>
            <file>file:/home/vikas/Desktop/netBeansprojects_COREJAVA/netBeansprojects/ExceptionHandling/src/e/ThrowsKeyword/b.ThrowsKeywordUsedOnlyForCheckedandItOnlyConvinceCompilertoIgnoreError.java</file>
            <file>file:/home/vikas/Desktop/netBeansprojects_COREJAVA/netBeansprojects/ExceptionHandling/src/e/ThrowsKeyword/c.ThrowsKeywordPgmShowingCompiletimeError.java</file>
            <file>file:/home/vikas/Desktop/netBeansprojects_COREJAVA/netBeansprojects/ExceptionHandling/src/g/JVMandProgrammerExceptons_Top10Exceptions/b.Top10ExceptionsPart1.java</file>
            <file>file:/home/vikas/Desktop/netBeansprojects_COREJAVA/netBeansprojects/ExceptionHandling/src/g/JVMandProgrammerExceptons_Top10Exceptions/d.ProgrammerAndJVM_WhoRaisesWhatException.java</file>
            <file>file:/home/vikas/Desktop/netBeansprojects_COREJAVA/netBeansprojects/ExceptionHandling/src/a/Exception_Intro_RuntimeStack_DefaultException_Propogation_Hierarchy/c.DefaultExceptionHandlingInJava.java</file>
        </group>
    </open-files>
</project-private>
