<?xml version="1.0" encoding="UTF-8"?>
<project-private xmlns="http://www.netbeans.org/ns/project-private/1">
    <editor-bookmarks xmlns="http://www.netbeans.org/ns/editor-bookmarks/2" lastBookmarkId="0"/>
    <open-files xmlns="http://www.netbeans.org/ns/projectui-open-files/2">
        <group>
            <file>file:/home/vikas/Desktop/netBeansprojects_COREJAVA/Development/src/A3DemoProgramOnClassPath.java</file>
            <file>file:/home/vikas/Desktop/netBeansprojects_COREJAVA/Development/src/B2JarVsWarvsEar.java</file>
            <file>file:/home/vikas/Desktop/netBeansprojects_COREJAVA/Development/src/A1javacAndJavaCommand.java</file>
            <file>file:/home/vikas/Desktop/netBeansprojects_COREJAVA/Development/src/B9DiffBtwJDKvsJREvsJVM.java</file>
            <file>file:/home/vikas/Desktop/netBeansprojects_COREJAVA/Development/src/A4DemoProgramOnClassPath.java</file>
            <file>file:/home/vikas/Desktop/netBeansprojects_COREJAVA/Development/src/A9SystemProperties.java</file>
            <file>file:/home/vikas/Desktop/netBeansprojects_COREJAVA/Development/src/B5HowToCreateExecutableJarFile.java</file>
            <file>file:/home/vikas/Desktop/netBeansprojects_COREJAVA/Development/src/A5JARFiles.java</file>
            <file>file:/home/vikas/Desktop/netBeansprojects_COREJAVA/Development/src/B4DiffBtwWebServerAndApplicationServer.java</file>
            <file>file:/home/vikas/Desktop/netBeansprojects_COREJAVA/Development/src/B3WebVsApplicationServer.java</file>
            <file>file:/home/vikas/Desktop/netBeansprojects_COREJAVA/Development/src/A6CommandsRelatedToJarFile.java</file>
            <file>file:/home/vikas/Desktop/netBeansprojects_COREJAVA/Development/src/A7JarFileDemoProgram.java</file>
            <file>file:/home/vikas/Desktop/netBeansprojects_COREJAVA/Development/src/C1javaVsjavawVsjavaws.java</file>
            <file>file:/home/vikas/Desktop/netBeansprojects_COREJAVA/Development/src/A8ShortcutWayToPlaceJarFileInClasspath.java</file>
            <file>file:/home/vikas/Desktop/netBeansprojects_COREJAVA/Development/src/B8PathVsClasspath.java</file>
            <file>file:/home/vikas/Desktop/netBeansprojects_COREJAVA/Development/src/A2Classpath.java</file>
            <file>file:/home/vikas/Desktop/netBeansprojects_COREJAVA/Development/src/B6WaysToRunJavaProgram.java</file>
            <file>file:/home/vikas/Desktop/netBeansprojects_COREJAVA/Development/src/B1SettingSystemProperties.java</file>
            <file>file:/home/vikas/Desktop/netBeansprojects_COREJAVA/Development/src/B7HowToWriteBatchFile.java</file>
        </group>
    </open-files>
</project-private>
